<?xml version="1.0" encoding="UTF-8" standalone="yes"?>
<ns2:ExportManifest xmlns:ns2="http://www.pentaho.com/schema/">
    <ExportManifestInformation exportDate="15-01-2017 08:23:37 CET" exportBy="fitngrow" rootFolder="/home/fitngrow/" manifestVersion="2"/>
    <ExportManifestEntity path="ReporteUsuarios.prpti">
        <ExportManifestProperty>
            <EntityMetaData name="ReporteUsuarios.prpti" createdDate="2017-01-15T18:25:21.502+01:00" isFolder="false" path="ReporteUsuarios.prpti" isHidden="false" locale="es_ES" description="ReporteUsuarios.prpti" title="ReporteUsuarios"/>
        </ExportManifestProperty>
        <ExportManifestProperty>
            <EntityAcl>
                <entriesInheriting>true</entriesInheriting>
                <owner>fitngrow</owner>
                <ownerType>USER</ownerType>
            </EntityAcl>
        </ExportManifestProperty>
    </ExportManifestEntity>
</ns2:ExportManifest>
