<?xml version="1.0" encoding="UTF-8" standalone="yes"?>
<ns2:ExportManifest xmlns:ns2="http://www.pentaho.com/schema/">
    <ExportManifestInformation exportDate="15-01-2017 08:23:34 CET" exportBy="fitngrow" rootFolder="/home/fitngrow/" manifestVersion="2"/>
    <ExportManifestEntity path="FitngrowDashboard.xdash">
        <ExportManifestProperty>
            <EntityMetaData name="FitngrowDashboard.xdash" createdDate="2017-01-15T17:32:07.595+01:00" isFolder="false" path="FitngrowDashboard.xdash" isHidden="false" locale="es_ES" description="FitngrowDashboard.xdash" title="FitngrowDashboard"/>
        </ExportManifestProperty>
        <ExportManifestProperty>
            <EntityAcl>
                <entriesInheriting>true</entriesInheriting>
                <owner>fitngrow</owner>
                <ownerType>USER</ownerType>
            </EntityAcl>
        </ExportManifestProperty>
    </ExportManifestEntity>
</ns2:ExportManifest>
